Workbook

Sheet 00_Client View
A1: Manufacturing Energy & Carbon Analysis
A2: ILLUSTRATIVE PORTFOLIO SAMPLE: synthetic data for demonstration
A4: Purpose | B4: Demonstrate how fragmented sustainability data can become clean, transparent KPIs and management reporting.
A6: Key findings
A7: • Electricity is relatively stable (112,000–126,000 kWh/month) while natural gas swings 3.4x between trough and peak: a heating/process-driven seasonal signature.
A8: • Production output and total energy show a weak/negative correlation, indicating fixed loads (heating, baseload electricity) dominate over throughput.
A9: • Energy intensity ranges 24.8–41.2 kWh/unit across the year. It is worth investigating whether this reflects real efficiency loss in winter or just the fixed-load effect above.
A10: • Next step: sub-meter process, building/HVAC and fleet loads separately so seasonal swings can be attributed with confidence.

Sheet 01_Raw Data
A1: Month | B1: Electricity (kWh) | C1: Natural gas (kWh) | D1: Diesel (L) | E1: Production units
A2: Jan | B2: 118000 | C2: 205000 | D2: 8200 | E2: 9800
A3: Feb | B3: 112000 | C3: 190000 | D3: 7900 | E3: 9500
A4: Mar | B4: 121000 | C4: 168000 | D4: 8400 | E4: 10200
A5: Apr | B5: 116000 | C5: 132000 | D5: 8100 | E5: 10000
A6: May | B6: 119000 | C6: 98000 | D6: 8000 | E6: 10400
A7: Jun | B7: 123000 | C7: 72000 | D7: 8300 | E7: 10700
A8: Jul | B8: 126000 | C8: 61000 | D8: 8500 | E8: 10900
A9: Aug | B9: 125000 | C9: 65000 | D9: 8600 | E9: 10800
A10: Sep | B10: 120000 | C10: 88000 | D10: 8200 | E10: 10100
A11: Oct | B11: 117000 | C11: 129000 | D11: 8100 | E11: 9900
A12: Nov | B12: 115000 | C12: 165000 | D12: 7900 | E12: 9700
A13: Dec | B13: 122000 | C13: 198000 | D13: 8300 | E13: 10300
A15: Source: illustrative synthetic data (utility bills / production log exports).

Sheet 02_Clean Data
A1: Month | B1: Electricity (kWh) | C1: Natural gas (kWh) | D1: Diesel (L) | E1: Production units | F1: Data-quality flag
A2: ='01_Raw Data'!A2 -> Jan | B2: ='01_Raw Data'!B2 -> 118000 | C2: ='01_Raw Data'!C2 -> 205000 | D2: ='01_Raw Data'!D2 -> 8200 | E2: ='01_Raw Data'!E2 -> 9800 | F2: =IF(OR(B2<=0,C2<=0,D2<=0,E2<=0),"Missing/zero value",IF(ABS(B2-AVERAGE($B$2:$B$13))>2*STDEVP($B$2:$B$13),"Electricity outlier vs year",IF(ABS(C2-AVERAGE($C$2:$C$13))>1.5*STDEVP($C$2:$C$13),"Gas: check vs weather/HDD","OK"))) -> OK
A3: ='01_Raw Data'!A3 -> Feb | B3: ='01_Raw Data'!B3 -> 112000 | C3: ='01_Raw Data'!C3 -> 190000 | D3: ='01_Raw Data'!D3 -> 7900 | E3: ='01_Raw Data'!E3 -> 9500 | F3: =IF(OR(B3<=0,C3<=0,D3<=0,E3<=0),"Missing/zero value",IF(ABS(B3-AVERAGE($B$2:$B$13))>2*STDEVP($B$2:$B$13),"Electricity outlier vs year",IF(ABS(C3-AVERAGE($C$2:$C$13))>1.5*STDEVP($C$2:$C$13),"Gas: check vs weather/HDD","OK"))) -> OK
A4: ='01_Raw Data'!A4 -> Mar | B4: ='01_Raw Data'!B4 -> 121000 | C4: ='01_Raw Data'!C4 -> 168000 | D4: ='01_Raw Data'!D4 -> 8400 | E4: ='01_Raw Data'!E4 -> 10200 | F4: =IF(OR(B4<=0,C4<=0,D4<=0,E4<=0),"Missing/zero value",IF(ABS(B4-AVERAGE($B$2:$B$13))>2*STDEVP($B$2:$B$13),"Electricity outlier vs year",IF(ABS(C4-AVERAGE($C$2:$C$13))>1.5*STDEVP($C$2:$C$13),"Gas: check vs weather/HDD","OK"))) -> OK
A5: ='01_Raw Data'!A5 -> Apr | B5: ='01_Raw Data'!B5 -> 116000 | C5: ='01_Raw Data'!C5 -> 132000 | D5: ='01_Raw Data'!D5 -> 8100 | E5: ='01_Raw Data'!E5 -> 10000 | F5: =IF(OR(B5<=0,C5<=0,D5<=0,E5<=0),"Missing/zero value",IF(ABS(B5-AVERAGE($B$2:$B$13))>2*STDEVP($B$2:$B$13),"Electricity outlier vs year",IF(ABS(C5-AVERAGE($C$2:$C$13))>1.5*STDEVP($C$2:$C$13),"Gas: check vs weather/HDD","OK"))) -> OK
A6: ='01_Raw Data'!A6 -> May | B6: ='01_Raw Data'!B6 -> 119000 | C6: ='01_Raw Data'!C6 -> 98000 | D6: ='01_Raw Data'!D6 -> 8000 | E6: ='01_Raw Data'!E6 -> 10400 | F6: =IF(OR(B6<=0,C6<=0,D6<=0,E6<=0),"Missing/zero value",IF(ABS(B6-AVERAGE($B$2:$B$13))>2*STDEVP($B$2:$B$13),"Electricity outlier vs year",IF(ABS(C6-AVERAGE($C$2:$C$13))>1.5*STDEVP($C$2:$C$13),"Gas: check vs weather/HDD","OK"))) -> OK
A7: ='01_Raw Data'!A7 -> Jun | B7: ='01_Raw Data'!B7 -> 123000 | C7: ='01_Raw Data'!C7 -> 72000 | D7: ='01_Raw Data'!D7 -> 8300 | E7: ='01_Raw Data'!E7 -> 10700 | F7: =IF(OR(B7<=0,C7<=0,D7<=0,E7<=0),"Missing/zero value",IF(ABS(B7-AVERAGE($B$2:$B$13))>2*STDEVP($B$2:$B$13),"Electricity outlier vs year",IF(ABS(C7-AVERAGE($C$2:$C$13))>1.5*STDEVP($C$2:$C$13),"Gas: check vs weather/HDD","OK"))) -> OK
A8: ='01_Raw Data'!A8 -> Jul | B8: ='01_Raw Data'!B8 -> 126000 | C8: ='01_Raw Data'!C8 -> 61000 | D8: ='01_Raw Data'!D8 -> 8500 | E8: ='01_Raw Data'!E8 -> 10900 | F8: =IF(OR(B8<=0,C8<=0,D8<=0,E8<=0),"Missing/zero value",IF(ABS(B8-AVERAGE($B$2:$B$13))>2*STDEVP($B$2:$B$13),"Electricity outlier vs year",IF(ABS(C8-AVERAGE($C$2:$C$13))>1.5*STDEVP($C$2:$C$13),"Gas: check vs weather/HDD","OK"))) -> OK
A9: ='01_Raw Data'!A9 -> Aug | B9: ='01_Raw Data'!B9 -> 125000 | C9: ='01_Raw Data'!C9 -> 65000 | D9: ='01_Raw Data'!D9 -> 8600 | E9: ='01_Raw Data'!E9 -> 10800 | F9: =IF(OR(B9<=0,C9<=0,D9<=0,E9<=0),"Missing/zero value",IF(ABS(B9-AVERAGE($B$2:$B$13))>2*STDEVP($B$2:$B$13),"Electricity outlier vs year",IF(ABS(C9-AVERAGE($C$2:$C$13))>1.5*STDEVP($C$2:$C$13),"Gas: check vs weather/HDD","OK"))) -> OK
A10: ='01_Raw Data'!A10 -> Sep | B10: ='01_Raw Data'!B10 -> 120000 | C10: ='01_Raw Data'!C10 -> 88000 | D10: ='01_Raw Data'!D10 -> 8200 | E10: ='01_Raw Data'!E10 -> 10100 | F10: =IF(OR(B10<=0,C10<=0,D10<=0,E10<=0),"Missing/zero value",IF(ABS(B10-AVERAGE($B$2:$B$13))>2*STDEVP($B$2:$B$13),"Electricity outlier vs year",IF(ABS(C10-AVERAGE($C$2:$C$13))>1.5*STDEVP($C$2:$C$13),"Gas: check vs weather/HDD","OK"))) -> OK
A11: ='01_Raw Data'!A11 -> Oct | B11: ='01_Raw Data'!B11 -> 117000 | C11: ='01_Raw Data'!C11 -> 129000 | D11: ='01_Raw Data'!D11 -> 8100 | E11: ='01_Raw Data'!E11 -> 9900 | F11: =IF(OR(B11<=0,C11<=0,D11<=0,E11<=0),"Missing/zero value",IF(ABS(B11-AVERAGE($B$2:$B$13))>2*STDEVP($B$2:$B$13),"Electricity outlier vs year",IF(ABS(C11-AVERAGE($C$2:$C$13))>1.5*STDEVP($C$2:$C$13),"Gas: check vs weather/HDD","OK"))) -> OK
A12: ='01_Raw Data'!A12 -> Nov | B12: ='01_Raw Data'!B12 -> 115000 | C12: ='01_Raw Data'!C12 -> 165000 | D12: ='01_Raw Data'!D12 -> 7900 | E12: ='01_Raw Data'!E12 -> 9700 | F12: =IF(OR(B12<=0,C12<=0,D12<=0,E12<=0),"Missing/zero value",IF(ABS(B12-AVERAGE($B$2:$B$13))>2*STDEVP($B$2:$B$13),"Electricity outlier vs year",IF(ABS(C12-AVERAGE($C$2:$C$13))>1.5*STDEVP($C$2:$C$13),"Gas: check vs weather/HDD","OK"))) -> OK
A13: ='01_Raw Data'!A13 -> Dec | B13: ='01_Raw Data'!B13 -> 122000 | C13: ='01_Raw Data'!C13 -> 198000 | D13: ='01_Raw Data'!D13 -> 8300 | E13: ='01_Raw Data'!E13 -> 10300 | F13: =IF(OR(B13<=0,C13<=0,D13<=0,E13<=0),"Missing/zero value",IF(ABS(B13-AVERAGE($B$2:$B$13))>2*STDEVP($B$2:$B$13),"Electricity outlier vs year",IF(ABS(C13-AVERAGE($C$2:$C$13))>1.5*STDEVP($C$2:$C$13),"Gas: check vs weather/HDD","OK"))) -> OK
A15: Clean Data is linked live to Raw Data (traceable, not retyped). Flag column auto-screens for missing values and statistical outliers.

Sheet 03_Emission Factors
A1: Activity | B1: Unit | C1: Illustrative factor | D1: Notes
A2: Electricity | B2: kgCO2e/kWh | C2: 0.35 | D2: Illustrative Scope 2 screening factor
A3: Natural gas | B3: kgCO2e/kWh | C3: 0.202 | D3: Illustrative Scope 1 screening factor
A4: Diesel | B4: kgCO2e/L | C4: 2.68 | D4: Illustrative Scope 1 screening factor
A5: Diesel energy | B5: kWh/L | C5: 9.8 | D5: Illustrative energy conversion
A6: Important | D6: Replace illustrative factors with the agreed methodology/source factors for real client work.

Sheet 04_Calculations
A1: Month | B1: Total energy (kWh) | C1: Scope 1 (gas+diesel) (tCO2e) | D1: Scope 2 (electricity) (tCO2e) | E1: Total (tCO2e) | F1: Energy intensity (kWh/unit) | G1: MoM energy change (%) | H1: 3-mo rolling intensity
A2: ='02_Clean Data'!A2 -> Jan | B2: ='02_Clean Data'!B2+'02_Clean Data'!C2+'02_Clean Data'!D2*'03_Emission Factors'!$C$5 -> 403360 | C2: =('02_Clean Data'!C2*'03_Emission Factors'!$C$3+'02_Clean Data'!D2*'03_Emission Factors'!$C$4)/1000 -> 63.386 | D2: ='02_Clean Data'!B2*'03_Emission Factors'!$C$2/1000 -> 41.3 | E2: =C2+D2 -> 104.686 | F2: =B2/'02_Clean Data'!E2 -> 41.159184 | G2: ="n/a" -> n/a | H2: ="n/a" -> n/a
A3: ='02_Clean Data'!A3 -> Feb | B3: ='02_Clean Data'!B3+'02_Clean Data'!C3+'02_Clean Data'!D3*'03_Emission Factors'!$C$5 -> 379420 | C3: =('02_Clean Data'!C3*'03_Emission Factors'!$C$3+'02_Clean Data'!D3*'03_Emission Factors'!$C$4)/1000 -> 59.552 | D3: ='02_Clean Data'!B3*'03_Emission Factors'!$C$2/1000 -> 39.2 | E3: =C3+D3 -> 98.752 | F3: =B3/'02_Clean Data'!E3 -> 39.938947 | G3: =(B3-B2)/B2 -> -0.059351448 | H3: ="n/a" -> n/a
A4: ='02_Clean Data'!A4 -> Mar | B4: ='02_Clean Data'!B4+'02_Clean Data'!C4+'02_Clean Data'!D4*'03_Emission Factors'!$C$5 -> 371320 | C4: =('02_Clean Data'!C4*'03_Emission Factors'!$C$3+'02_Clean Data'!D4*'03_Emission Factors'!$C$4)/1000 -> 56.448 | D4: ='02_Clean Data'!B4*'03_Emission Factors'!$C$2/1000 -> 42.35 | E4: =C4+D4 -> 98.798 | F4: =B4/'02_Clean Data'!E4 -> 36.403922 | G4: =(B4-B3)/B3 -> -0.021348374 | H4: =AVERAGE(F2:F4) -> 39.167351
A5: ='02_Clean Data'!A5 -> Apr | B5: ='02_Clean Data'!B5+'02_Clean Data'!C5+'02_Clean Data'!D5*'03_Emission Factors'!$C$5 -> 327380 | C5: =('02_Clean Data'!C5*'03_Emission Factors'!$C$3+'02_Clean Data'!D5*'03_Emission Factors'!$C$4)/1000 -> 48.372 | D5: ='02_Clean Data'!B5*'03_Emission Factors'!$C$2/1000 -> 40.6 | E5: =C5+D5 -> 88.972 | F5: =B5/'02_Clean Data'!E5 -> 32.738 | G5: =(B5-B4)/B4 -> -0.11833459 | H5: =AVERAGE(F3:F5) -> 36.36029
A6: ='02_Clean Data'!A6 -> May | B6: ='02_Clean Data'!B6+'02_Clean Data'!C6+'02_Clean Data'!D6*'03_Emission Factors'!$C$5 -> 295400 | C6: =('02_Clean Data'!C6*'03_Emission Factors'!$C$3+'02_Clean Data'!D6*'03_Emission Factors'!$C$4)/1000 -> 41.236 | D6: ='02_Clean Data'!B6*'03_Emission Factors'!$C$2/1000 -> 41.65 | E6: =C6+D6 -> 82.886 | F6: =B6/'02_Clean Data'!E6 -> 28.403846 | G6: =(B6-B5)/B5 -> -0.097684648 | H6: =AVERAGE(F4:F6) -> 32.515256
A7: ='02_Clean Data'!A7 -> Jun | B7: ='02_Clean Data'!B7+'02_Clean Data'!C7+'02_Clean Data'!D7*'03_Emission Factors'!$C$5 -> 276340 | C7: =('02_Clean Data'!C7*'03_Emission Factors'!$C$3+'02_Clean Data'!D7*'03_Emission Factors'!$C$4)/1000 -> 36.788 | D7: ='02_Clean Data'!B7*'03_Emission Factors'!$C$2/1000 -> 43.05 | E7: =C7+D7 -> 79.838 | F7: =B7/'02_Clean Data'!E7 -> 25.826168 | G7: =(B7-B6)/B6 -> -0.064522681 | H7: =AVERAGE(F5:F7) -> 28.989338
A8: ='02_Clean Data'!A8 -> Jul | B8: ='02_Clean Data'!B8+'02_Clean Data'!C8+'02_Clean Data'!D8*'03_Emission Factors'!$C$5 -> 270300 | C8: =('02_Clean Data'!C8*'03_Emission Factors'!$C$3+'02_Clean Data'!D8*'03_Emission Factors'!$C$4)/1000 -> 35.102 | D8: ='02_Clean Data'!B8*'03_Emission Factors'!$C$2/1000 -> 44.1 | E8: =C8+D8 -> 79.202 | F8: =B8/'02_Clean Data'!E8 -> 24.798165 | G8: =(B8-B7)/B7 -> -0.021857133 | H8: =AVERAGE(F6:F8) -> 26.342727
A9: ='02_Clean Data'!A9 -> Aug | B9: ='02_Clean Data'!B9+'02_Clean Data'!C9+'02_Clean Data'!D9*'03_Emission Factors'!$C$5 -> 274280 | C9: =('02_Clean Data'!C9*'03_Emission Factors'!$C$3+'02_Clean Data'!D9*'03_Emission Factors'!$C$4)/1000 -> 36.178 | D9: ='02_Clean Data'!B9*'03_Emission Factors'!$C$2/1000 -> 43.75 | E9: =C9+D9 -> 79.928 | F9: =B9/'02_Clean Data'!E9 -> 25.396296 | G9: =(B9-B8)/B8 -> 0.01472438 | H9: =AVERAGE(F7:F9) -> 25.34021
A10: ='02_Clean Data'!A10 -> Sep | B10: ='02_Clean Data'!B10+'02_Clean Data'!C10+'02_Clean Data'!D10*'03_Emission Factors'!$C$5 -> 288360 | C10: =('02_Clean Data'!C10*'03_Emission Factors'!$C$3+'02_Clean Data'!D10*'03_Emission Factors'!$C$4)/1000 -> 39.752 | D10: ='02_Clean Data'!B10*'03_Emission Factors'!$C$2/1000 -> 42 | E10: =C10+D10 -> 81.752 | F10: =B10/'02_Clean Data'!E10 -> 28.550495 | G10: =(B10-B9)/B9 -> 0.051334403 | H10: =AVERAGE(F8:F10) -> 26.248319
A11: ='02_Clean Data'!A11 -> Oct | B11: ='02_Clean Data'!B11+'02_Clean Data'!C11+'02_Clean Data'!D11*'03_Emission Factors'!$C$5 -> 325380 | C11: =('02_Clean Data'!C11*'03_Emission Factors'!$C$3+'02_Clean Data'!D11*'03_Emission Factors'!$C$4)/1000 -> 47.766 | D11: ='02_Clean Data'!B11*'03_Emission Factors'!$C$2/1000 -> 40.95 | E11: =C11+D11 -> 88.716 | F11: =B11/'02_Clean Data'!E11 -> 32.866667 | G11: =(B11-B10)/B10 -> 0.12838119 | H11: =AVERAGE(F9:F11) -> 28.937819
A12: ='02_Clean Data'!A12 -> Nov | B12: ='02_Clean Data'!B12+'02_Clean Data'!C12+'02_Clean Data'!D12*'03_Emission Factors'!$C$5 -> 357420 | C12: =('02_Clean Data'!C12*'03_Emission Factors'!$C$3+'02_Clean Data'!D12*'03_Emission Factors'!$C$4)/1000 -> 54.502 | D12: ='02_Clean Data'!B12*'03_Emission Factors'!$C$2/1000 -> 40.25 | E12: =C12+D12 -> 94.752 | F12: =B12/'02_Clean Data'!E12 -> 36.847423 | G12: =(B12-B11)/B11 -> 0.098469482 | H12: =AVERAGE(F10:F12) -> 32.754861
A13: ='02_Clean Data'!A13 -> Dec | B13: ='02_Clean Data'!B13+'02_Clean Data'!C13+'02_Clean Data'!D13*'03_Emission Factors'!$C$5 -> 401340 | C13: =('02_Clean Data'!C13*'03_Emission Factors'!$C$3+'02_Clean Data'!D13*'03_Emission Factors'!$C$4)/1000 -> 62.24 | D13: ='02_Clean Data'!B13*'03_Emission Factors'!$C$2/1000 -> 42.7 | E13: =C13+D13 -> 104.94 | F13: =B13/'02_Clean Data'!E13 -> 38.965049 | G13: =(B13-B12)/B12 -> 0.12288064 | H13: =AVERAGE(F11:F13) -> 36.226379

Sheet 05_KPIs
A1: KPI | B1: Value | C1: Unit | D1: Interpretation
A2: Annual electricity | B2: =SUM('02_Clean Data'!B2:B13) -> 1434000 | C2: kWh | D2: Track baseload and major electrical loads.
A3: Annual natural gas | B3: =SUM('02_Clean Data'!C2:C13) -> 1571000 | C3: kWh | D3: Strong seasonal pattern; review thermal/process use.
A4: Annual diesel | B4: =SUM('02_Clean Data'!D2:D13) -> 98500 | C4: L | D4: Reconcile with fleet/equipment activity.
A5: Total annual energy | B5: =SUM('04_Calculations'!B2:B13) -> 3970300 | C5: kWh | D5: Combined electricity, gas and diesel energy basis.
A6: Total annual emissions | B6: =SUM('04_Calculations'!E2:E13) -> 1083.222 | C6: tCO2e | D6: Illustrative Scope 1 + 2 screening.
A7: Energy intensity (annual) | B7: =B5/SUM('02_Clean Data'!E2:E13) -> 32.463614 | C7: kWh/unit | D7: Normalises energy against production.
A8: Gas seasonal swing | B8: =MAX('02_Clean Data'!C2:C13)/MIN('02_Clean Data'!C2:C13) -> 3.3606557 | C8: x (peak/trough) | D8: Ratio of highest to lowest month; flags heating/process seasonality.
A9: Peak gas month | B9: =INDEX('02_Clean Data'!A2:A13,MATCH(MAX('02_Clean Data'!C2:C13),'02_Clean Data'!C2:C13,0)) -> Jan | C9: month | D9: Highest natural-gas month in the year.
A10: Production–energy correlation | B10: =CORREL('02_Clean Data'!E2:E13,'04_Calculations'!B2:B13) -> -0.70169205 | C10: r | D10: Low/negative r means energy is driven more by weather/fixed loads than output.
A11: Emissions per production unit | B11: =B6/SUM('02_Clean Data'!E2:E13)*1000 -> 8.8570891 | C11: kgCO2e/unit | D11: Carbon intensity of output, for benchmarking over time.

Sheet 06_Dashboard
A1: Manufacturing Energy & Carbon Analysis
A2: Illustrative management dashboard
A4: TOTAL ANNUAL ENERGY (kWh) | C4: TOTAL ANNUAL EMISSIONS (tCO2e) | E4: ENERGY INTENSITY (kWh/unit) | G4: GAS SEASONAL SWING (peak/trough)
A5: ='05_KPIs'!B5 -> 3970300 | C5: ='05_KPIs'!B6 -> 1083.222 | E5: ='05_KPIs'!B7 -> 32.463614 | G5: ='05_KPIs'!B8 -> 3.3606557
J26: Data-quality flags
J27: =COUNTIF('02_Clean Data'!F2:F13,"<>OK")&" of 12 months flagged for review (see 02_Clean Data column F)" -> 0 of 12 months flagged for review (see 02_Clean Data column F)
J29: Key insights
J30: ="Peak gas month: "&'05_KPIs'!B9&" has a seasonal swing of "&TEXT('05_KPIs'!B8,"0.0")&"x between peak and trough." -> Peak gas month: Jan has a seasonal swing of 3.4x between peak and trough.
J31: ="Production vs. total energy correlation r = "&TEXT('05_KPIs'!B10,"0.00")&" suggests energy is largely weather/fixed-load driven, not output-driven." -> Production vs. total energy correlation r = -0.70 suggests energy is largely weather/fixed-load driven, not output-driven.
J32: ="Carbon intensity: "&TEXT('05_KPIs'!B11,"0.0")&" kgCO2e per production unit (annual average)." -> Carbon intensity: 8.9 kgCO2e per production unit (annual average).
A34: Areas to investigate
A35: • Separate process, building/HVAC and fleet loads to explain the weak production–energy correlation.
A36: • Review electricity baseload and operating schedules (electricity barely varies while output does).
A37: • Create a repeatable monthly data template with named ownership for ongoing tracking.

Sheet 07_Client Inputs
A1: Input needed | B1: Example / format | C1: Why it matters | D1: Status
A2: Source files | B2: Excel/CSV/PDF bills/exports | C2: Traceability and reconciliation | D2: To be supplied
A3: Reporting period | B3: e.g. Jan–Dec 2026 | C3: Defines analysis boundary | D3: To be supplied
A4: Activity data | B4: Production, area, occupancy, travel etc. | C4: Enables intensity KPIs | D4: To be supplied
A5: Methodology / factors | B5: Client or agreed methodology | C5: Makes calculations reproducible | D5: To be agreed
A6: Known exclusions | B6: Missing sites, months or activities | C6: Prevents misleading completeness claims | D6: To be supplied
