Workbook

Sheet 00_Client View
A1: University / Building Operations Analysis
A2: ILLUSTRATIVE PORTFOLIO SAMPLE: synthetic data for demonstration
A4: Purpose | B4: Demonstrate how fragmented sustainability data can become clean, transparent KPIs and management reporting.
A6: Key findings
A7: • Building energy follows a strong academic-calendar pattern: district heat swings 8.5x between January and July.
A8: • Area-based intensity (kWh/m²) is stable year-round and is the right KPI for month-to-month comparison.
A9: • The occupancy-normalised KPI (kWh/FTE) breaks down in July/August: near-zero occupancy inflates it 2-4x, masking rather than revealing a problem.
A10: • A genuine finding survives that correction: Jul/Aug electricity still averages ~99,500 kWh/month with the campus largely empty, a baseload worth investigating.
A11: • Next step: add building-level meters to separate baseload from occupancy-driven demand.

Sheet 01_Raw Data
A1: Month | B1: Electricity (kWh) | C1: District heat (kWh) | D1: Occupied student FTE | E1: Fleet diesel (L)
A2: Jan | B2: 142000 | C2: 98000 | D2: 4200 | E2: 2100
A3: Feb | B3: 136000 | C3: 91000 | D3: 4200 | E3: 1900
A4: Mar | B4: 128000 | C4: 78000 | D4: 4100 | E4: 2050
A5: Apr | B5: 119000 | C5: 52000 | D5: 3900 | E5: 1800
A6: May | B6: 112000 | C6: 34000 | D6: 3500 | E6: 1700
A7: Jun | B7: 104000 | C7: 18000 | D7: 2500 | E7: 1500
A8: Jul | B8: 98000 | C8: 12000 | D8: 800 | E8: 900
A9: Aug | B9: 101000 | C9: 15000 | D9: 600 | E9: 850
A10: Sep | B10: 116000 | C10: 39000 | D10: 2800 | E10: 1600
A11: Oct | B11: 125000 | C11: 61000 | D11: 3800 | E11: 1750
A12: Nov | B12: 134000 | C12: 82000 | D12: 4100 | E12: 1900
A13: Dec | B13: 149000 | C13: 102000 | D13: 4300 | E13: 2200
A15: Source: illustrative synthetic data (campus meters / occupancy records).

Sheet 02_Clean Data
A1: Month | B1: Electricity (kWh) | C1: District heat (kWh) | D1: Occupied student FTE | E1: Fleet diesel (L) | F1: Data-quality flag
A2: ='01_Raw Data'!A2 -> Jan | B2: ='01_Raw Data'!B2 -> 142000 | C2: ='01_Raw Data'!C2 -> 98000 | D2: ='01_Raw Data'!D2 -> 4200 | E2: ='01_Raw Data'!E2 -> 2100 | F2: =IF(D2<1000,"Low occupancy — do not use FTE-normalised KPI this month",IF(OR(B2<=0,C2<=0),"Missing/zero value","OK")) -> OK
A3: ='01_Raw Data'!A3 -> Feb | B3: ='01_Raw Data'!B3 -> 136000 | C3: ='01_Raw Data'!C3 -> 91000 | D3: ='01_Raw Data'!D3 -> 4200 | E3: ='01_Raw Data'!E3 -> 1900 | F3: =IF(D3<1000,"Low occupancy — do not use FTE-normalised KPI this month",IF(OR(B3<=0,C3<=0),"Missing/zero value","OK")) -> OK
A4: ='01_Raw Data'!A4 -> Mar | B4: ='01_Raw Data'!B4 -> 128000 | C4: ='01_Raw Data'!C4 -> 78000 | D4: ='01_Raw Data'!D4 -> 4100 | E4: ='01_Raw Data'!E4 -> 2050 | F4: =IF(D4<1000,"Low occupancy — do not use FTE-normalised KPI this month",IF(OR(B4<=0,C4<=0),"Missing/zero value","OK")) -> OK
A5: ='01_Raw Data'!A5 -> Apr | B5: ='01_Raw Data'!B5 -> 119000 | C5: ='01_Raw Data'!C5 -> 52000 | D5: ='01_Raw Data'!D5 -> 3900 | E5: ='01_Raw Data'!E5 -> 1800 | F5: =IF(D5<1000,"Low occupancy — do not use FTE-normalised KPI this month",IF(OR(B5<=0,C5<=0),"Missing/zero value","OK")) -> OK
A6: ='01_Raw Data'!A6 -> May | B6: ='01_Raw Data'!B6 -> 112000 | C6: ='01_Raw Data'!C6 -> 34000 | D6: ='01_Raw Data'!D6 -> 3500 | E6: ='01_Raw Data'!E6 -> 1700 | F6: =IF(D6<1000,"Low occupancy — do not use FTE-normalised KPI this month",IF(OR(B6<=0,C6<=0),"Missing/zero value","OK")) -> OK
A7: ='01_Raw Data'!A7 -> Jun | B7: ='01_Raw Data'!B7 -> 104000 | C7: ='01_Raw Data'!C7 -> 18000 | D7: ='01_Raw Data'!D7 -> 2500 | E7: ='01_Raw Data'!E7 -> 1500 | F7: =IF(D7<1000,"Low occupancy — do not use FTE-normalised KPI this month",IF(OR(B7<=0,C7<=0),"Missing/zero value","OK")) -> OK
A8: ='01_Raw Data'!A8 -> Jul | B8: ='01_Raw Data'!B8 -> 98000 | C8: ='01_Raw Data'!C8 -> 12000 | D8: ='01_Raw Data'!D8 -> 800 | E8: ='01_Raw Data'!E8 -> 900 | F8: =IF(D8<1000,"Low occupancy, do not use FTE-normalised KPI this month",IF(OR(B8<=0,C8<=0),"Missing/zero value","OK")) -> Low occupancy, do not use FTE-normalised KPI this month
A9: ='01_Raw Data'!A9 -> Aug | B9: ='01_Raw Data'!B9 -> 101000 | C9: ='01_Raw Data'!C9 -> 15000 | D9: ='01_Raw Data'!D9 -> 600 | E9: ='01_Raw Data'!E9 -> 850 | F9: =IF(D9<1000,"Low occupancy, do not use FTE-normalised KPI this month",IF(OR(B9<=0,C9<=0),"Missing/zero value","OK")) -> Low occupancy, do not use FTE-normalised KPI this month
A10: ='01_Raw Data'!A10 -> Sep | B10: ='01_Raw Data'!B10 -> 116000 | C10: ='01_Raw Data'!C10 -> 39000 | D10: ='01_Raw Data'!D10 -> 2800 | E10: ='01_Raw Data'!E10 -> 1600 | F10: =IF(D10<1000,"Low occupancy — do not use FTE-normalised KPI this month",IF(OR(B10<=0,C10<=0),"Missing/zero value","OK")) -> OK
A11: ='01_Raw Data'!A11 -> Oct | B11: ='01_Raw Data'!B11 -> 125000 | C11: ='01_Raw Data'!C11 -> 61000 | D11: ='01_Raw Data'!D11 -> 3800 | E11: ='01_Raw Data'!E11 -> 1750 | F11: =IF(D11<1000,"Low occupancy — do not use FTE-normalised KPI this month",IF(OR(B11<=0,C11<=0),"Missing/zero value","OK")) -> OK
A12: ='01_Raw Data'!A12 -> Nov | B12: ='01_Raw Data'!B12 -> 134000 | C12: ='01_Raw Data'!C12 -> 82000 | D12: ='01_Raw Data'!D12 -> 4100 | E12: ='01_Raw Data'!E12 -> 1900 | F12: =IF(D12<1000,"Low occupancy — do not use FTE-normalised KPI this month",IF(OR(B12<=0,C12<=0),"Missing/zero value","OK")) -> OK
A13: ='01_Raw Data'!A13 -> Dec | B13: ='01_Raw Data'!B13 -> 149000 | C13: ='01_Raw Data'!C13 -> 102000 | D13: ='01_Raw Data'!D13 -> 4300 | E13: ='01_Raw Data'!E13 -> 2200 | F13: =IF(D13<1000,"Low occupancy — do not use FTE-normalised KPI this month",IF(OR(B13<=0,C13<=0),"Missing/zero value","OK")) -> OK
A15: Clean Data is linked live to Raw Data. Flag column screens for missing values and low-occupancy months where FTE-normalised KPIs are unreliable.

Sheet 03_Emission Factors
A1: Activity | B1: Unit | C1: Illustrative factor | D1: Notes
A2: Electricity | B2: kgCO2e/kWh | C2: 0.35 | D2: Illustrative Scope 2 screening factor
A3: District heat | B3: kgCO2e/kWh | C3: 0.22 | D3: Illustrative Scope 2 screening factor
A4: Fleet diesel | B4: kgCO2e/L | C4: 2.68 | D4: Illustrative Scope 1 screening factor
A5: Building area | B5: m² | C5: 18500 | D5: Illustrative fixed denominator
A6: Important | D6: Replace illustrative factors with the agreed methodology/source factors for real client work.

Sheet 04_Calculations
A1: Month | B1: Building energy (kWh) | C1: Scope 1 fleet (tCO2e) | D1: Scope 2 building (tCO2e) | E1: Total (tCO2e) | F1: kWh/m² | G1: kWh/occupied FTE | H1: FTE KPI reliable?
A2: ='02_Clean Data'!A2 -> Jan | B2: ='02_Clean Data'!B2+'02_Clean Data'!C2 -> 240000 | C2: ='02_Clean Data'!E2*'03_Emission Factors'!$C$4/1000 -> 5.628 | D2: =('02_Clean Data'!B2*'03_Emission Factors'!$C$2+'02_Clean Data'!C2*'03_Emission Factors'!$C$3)/1000 -> 71.26 | E2: =C2+D2 -> 76.888 | F2: =B2/'03_Emission Factors'!$C$5 -> 12.972973 | G2: =B2/'02_Clean Data'!D2 -> 57.142857 | H2: =IF('02_Clean Data'!D2<1000,"No - low occupancy","Yes") -> Yes
A3: ='02_Clean Data'!A3 -> Feb | B3: ='02_Clean Data'!B3+'02_Clean Data'!C3 -> 227000 | C3: ='02_Clean Data'!E3*'03_Emission Factors'!$C$4/1000 -> 5.092 | D3: =('02_Clean Data'!B3*'03_Emission Factors'!$C$2+'02_Clean Data'!C3*'03_Emission Factors'!$C$3)/1000 -> 67.62 | E3: =C3+D3 -> 72.712 | F3: =B3/'03_Emission Factors'!$C$5 -> 12.27027 | G3: =B3/'02_Clean Data'!D3 -> 54.047619 | H3: =IF('02_Clean Data'!D3<1000,"No - low occupancy","Yes") -> Yes
A4: ='02_Clean Data'!A4 -> Mar | B4: ='02_Clean Data'!B4+'02_Clean Data'!C4 -> 206000 | C4: ='02_Clean Data'!E4*'03_Emission Factors'!$C$4/1000 -> 5.494 | D4: =('02_Clean Data'!B4*'03_Emission Factors'!$C$2+'02_Clean Data'!C4*'03_Emission Factors'!$C$3)/1000 -> 61.96 | E4: =C4+D4 -> 67.454 | F4: =B4/'03_Emission Factors'!$C$5 -> 11.135135 | G4: =B4/'02_Clean Data'!D4 -> 50.243902 | H4: =IF('02_Clean Data'!D4<1000,"No - low occupancy","Yes") -> Yes
A5: ='02_Clean Data'!A5 -> Apr | B5: ='02_Clean Data'!B5+'02_Clean Data'!C5 -> 171000 | C5: ='02_Clean Data'!E5*'03_Emission Factors'!$C$4/1000 -> 4.824 | D5: =('02_Clean Data'!B5*'03_Emission Factors'!$C$2+'02_Clean Data'!C5*'03_Emission Factors'!$C$3)/1000 -> 53.09 | E5: =C5+D5 -> 57.914 | F5: =B5/'03_Emission Factors'!$C$5 -> 9.2432432 | G5: =B5/'02_Clean Data'!D5 -> 43.846154 | H5: =IF('02_Clean Data'!D5<1000,"No - low occupancy","Yes") -> Yes
A6: ='02_Clean Data'!A6 -> May | B6: ='02_Clean Data'!B6+'02_Clean Data'!C6 -> 146000 | C6: ='02_Clean Data'!E6*'03_Emission Factors'!$C$4/1000 -> 4.556 | D6: =('02_Clean Data'!B6*'03_Emission Factors'!$C$2+'02_Clean Data'!C6*'03_Emission Factors'!$C$3)/1000 -> 46.68 | E6: =C6+D6 -> 51.236 | F6: =B6/'03_Emission Factors'!$C$5 -> 7.8918919 | G6: =B6/'02_Clean Data'!D6 -> 41.714286 | H6: =IF('02_Clean Data'!D6<1000,"No - low occupancy","Yes") -> Yes
A7: ='02_Clean Data'!A7 -> Jun | B7: ='02_Clean Data'!B7+'02_Clean Data'!C7 -> 122000 | C7: ='02_Clean Data'!E7*'03_Emission Factors'!$C$4/1000 -> 4.02 | D7: =('02_Clean Data'!B7*'03_Emission Factors'!$C$2+'02_Clean Data'!C7*'03_Emission Factors'!$C$3)/1000 -> 40.36 | E7: =C7+D7 -> 44.38 | F7: =B7/'03_Emission Factors'!$C$5 -> 6.5945946 | G7: =B7/'02_Clean Data'!D7 -> 48.8 | H7: =IF('02_Clean Data'!D7<1000,"No - low occupancy","Yes") -> Yes
A8: ='02_Clean Data'!A8 -> Jul | B8: ='02_Clean Data'!B8+'02_Clean Data'!C8 -> 110000 | C8: ='02_Clean Data'!E8*'03_Emission Factors'!$C$4/1000 -> 2.412 | D8: =('02_Clean Data'!B8*'03_Emission Factors'!$C$2+'02_Clean Data'!C8*'03_Emission Factors'!$C$3)/1000 -> 36.94 | E8: =C8+D8 -> 39.352 | F8: =B8/'03_Emission Factors'!$C$5 -> 5.9459459 | G8: =B8/'02_Clean Data'!D8 -> 137.5 | H8: =IF('02_Clean Data'!D8<1000,"No - low occupancy","Yes") -> No - low occupancy
A9: ='02_Clean Data'!A9 -> Aug | B9: ='02_Clean Data'!B9+'02_Clean Data'!C9 -> 116000 | C9: ='02_Clean Data'!E9*'03_Emission Factors'!$C$4/1000 -> 2.278 | D9: =('02_Clean Data'!B9*'03_Emission Factors'!$C$2+'02_Clean Data'!C9*'03_Emission Factors'!$C$3)/1000 -> 38.65 | E9: =C9+D9 -> 40.928 | F9: =B9/'03_Emission Factors'!$C$5 -> 6.2702703 | G9: =B9/'02_Clean Data'!D9 -> 193.33333 | H9: =IF('02_Clean Data'!D9<1000,"No - low occupancy","Yes") -> No - low occupancy
A10: ='02_Clean Data'!A10 -> Sep | B10: ='02_Clean Data'!B10+'02_Clean Data'!C10 -> 155000 | C10: ='02_Clean Data'!E10*'03_Emission Factors'!$C$4/1000 -> 4.288 | D10: =('02_Clean Data'!B10*'03_Emission Factors'!$C$2+'02_Clean Data'!C10*'03_Emission Factors'!$C$3)/1000 -> 49.18 | E10: =C10+D10 -> 53.468 | F10: =B10/'03_Emission Factors'!$C$5 -> 8.3783784 | G10: =B10/'02_Clean Data'!D10 -> 55.357143 | H10: =IF('02_Clean Data'!D10<1000,"No - low occupancy","Yes") -> Yes
A11: ='02_Clean Data'!A11 -> Oct | B11: ='02_Clean Data'!B11+'02_Clean Data'!C11 -> 186000 | C11: ='02_Clean Data'!E11*'03_Emission Factors'!$C$4/1000 -> 4.69 | D11: =('02_Clean Data'!B11*'03_Emission Factors'!$C$2+'02_Clean Data'!C11*'03_Emission Factors'!$C$3)/1000 -> 57.17 | E11: =C11+D11 -> 61.86 | F11: =B11/'03_Emission Factors'!$C$5 -> 10.054054 | G11: =B11/'02_Clean Data'!D11 -> 48.947368 | H11: =IF('02_Clean Data'!D11<1000,"No - low occupancy","Yes") -> Yes
A12: ='02_Clean Data'!A12 -> Nov | B12: ='02_Clean Data'!B12+'02_Clean Data'!C12 -> 216000 | C12: ='02_Clean Data'!E12*'03_Emission Factors'!$C$4/1000 -> 5.092 | D12: =('02_Clean Data'!B12*'03_Emission Factors'!$C$2+'02_Clean Data'!C12*'03_Emission Factors'!$C$3)/1000 -> 64.94 | E12: =C12+D12 -> 70.032 | F12: =B12/'03_Emission Factors'!$C$5 -> 11.675676 | G12: =B12/'02_Clean Data'!D12 -> 52.682927 | H12: =IF('02_Clean Data'!D12<1000,"No - low occupancy","Yes") -> Yes
A13: ='02_Clean Data'!A13 -> Dec | B13: ='02_Clean Data'!B13+'02_Clean Data'!C13 -> 251000 | C13: ='02_Clean Data'!E13*'03_Emission Factors'!$C$4/1000 -> 5.896 | D13: =('02_Clean Data'!B13*'03_Emission Factors'!$C$2+'02_Clean Data'!C13*'03_Emission Factors'!$C$3)/1000 -> 74.59 | E13: =C13+D13 -> 80.486 | F13: =B13/'03_Emission Factors'!$C$5 -> 13.567568 | G13: =B13/'02_Clean Data'!D13 -> 58.372093 | H13: =IF('02_Clean Data'!D13<1000,"No - low occupancy","Yes") -> Yes

Sheet 05_KPIs
A1: KPI | B1: Value | C1: Unit | D1: Interpretation
A2: Annual electricity | B2: =SUM('02_Clean Data'!B2:B13) -> 1464000 | C2: kWh | D2: Review baseload and major electrical loads.
A3: Annual district heat | B3: =SUM('02_Clean Data'!C2:C13) -> 682000 | C3: kWh | D3: Strong seasonality; review controls/envelope.
A4: Building energy | B4: =B2+B3 -> 2146000 | C4: kWh | D4: Electricity + district heat.
A5: Total annual emissions | B5: =SUM('04_Calculations'!E2:E13) -> 716.71 | C5: tCO2e | D5: Illustrative building + fleet screening.
A6: Building intensity | B6: =B4/'03_Emission Factors'!$C$5 -> 116 | C6: kWh/m² | D6: Stable area-based operational KPI, usable year-round.
A7: Energy per occupied FTE (term-time avg) | B7: =AVERAGEIF('02_Clean Data'!D2:D13,">=1000",'04_Calculations'!G2:G13) -> 51.115435 | C7: kWh/FTE-month | D7: Averaged over term-time months only, excludes the Jul/Aug distortion below.
A8: Heating seasonal swing | B8: =MAX('02_Clean Data'!C2:C13)/MIN('02_Clean Data'!C2:C13) -> 8.5 | C8: x (peak/trough) | D8: Ratio of highest to lowest district-heat month.
A9: Peak heating month | B9: =INDEX('02_Clean Data'!A2:A13,MATCH(MAX('02_Clean Data'!C2:C13),'02_Clean Data'!C2:C13,0)) -> Dec | C9: month | D9: Highest district-heat demand month.
A10: Low-occupancy months flagged | B10: =COUNTIF('02_Clean Data'!D2:D13,"<1000") -> 2 | C10: months | D10: Months where FTE-normalised KPIs are statistically unreliable (small denominator).
A11: Summer baseload (Jul/Aug avg electricity) | B11: =AVERAGE('02_Clean Data'!B8:B9) -> 99500 | C11: kWh | D11: Electricity that persists with near-zero occupancy, a baseload/always-on signature.

Sheet 06_Dashboard
A1: University / Building Operations Analysis
A2: Illustrative management dashboard: synthetic data
A4: BUILDING ENERGY (kWh) | C4: TOTAL ANNUAL EMISSIONS (tCO2e) | E4: BUILDING INTENSITY (kWh/m²) | G4: ENERGY / FTE, TERM-TIME (kWh)
A5: ='05_KPIs'!B4 -> 2146000 | C5: ='05_KPIs'!B5 -> 716.71 | E5: ='05_KPIs'!B6 -> 116 | G5: ='05_KPIs'!B7 -> 51.115435
J26: Data-quality flags
J27: =COUNTIF('02_Clean Data'!F2:F13,"<>OK")&" of 12 months flagged (see 02_Clean Data column F)" -> 2 of 12 months flagged (see 02_Clean Data column F)
J29: Key insights
J30: ="District heat swings "&TEXT('05_KPIs'!B8,"0.0")&"x between peak ("&'05_KPIs'!B9&") and trough, a clear heating-season signature." -> District heat swings 8.5x between peak (Dec) and trough, a clear heating-season signature.
J31: ="kWh/occupied-FTE spikes in Jul/Aug because occupancy falls faster than energy use. the KPI breaks down, not the building: use the term-time average instead." -> kWh/occupied-FTE spikes in Jul/Aug because occupancy falls faster than energy use. the KPI breaks down, not the building: use the term-time average instead.
J32: ="Jul/Aug electricity averages "&TEXT('05_KPIs'!B11,"#,##0")&" kWh/month with near-zero occupancy. a baseload worth investigating (always-on equipment, IT, refrigeration)." -> Jul/Aug electricity averages 99,500 kWh/month with near-zero occupancy. a baseload worth investigating (always-on equipment, IT, refrigeration).
A34: Areas to investigate
A35: • Identify buildings with high baseload or heating intensity via sub-metering.
A36: • Review heating controls and schedules against the academic calendar.
A37: • Investigate the Jul/Aug baseload: what is drawing power with the campus nearly empty?
A38: • Move from campus totals to meter/building-level analysis; use building-area KPI (not FTE) for any cross-month comparison.

Sheet 07_Client Inputs
A1: Input needed | B1: Example / format | C1: Why it matters | D1: Status
A2: Source files | B2: Excel/CSV/PDF bills/exports | C2: Traceability and reconciliation | D2: To be supplied
A3: Reporting period | B3: e.g. Jan–Dec 2026 | C3: Defines analysis boundary | D3: To be supplied
A4: Activity data | B4: Production, area, occupancy, travel etc. | C4: Enables intensity KPIs | D4: To be supplied
A5: Methodology / factors | B5: Client or agreed methodology | C5: Makes calculations reproducible | D5: To be agreed
A6: Known exclusions | B6: Missing sites, months or activities | C6: Prevents misleading completeness claims | D6: To be supplied
