Workbook

Sheet 00_Client View
A1: University Travel Data Analysis
A2: ILLUSTRATIVE PORTFOLIO SAMPLE - synthetic data for demonstration
A4: Purpose | B4: Demonstrate how fragmented sustainability data can become clean, transparent KPIs and management reporting.
A6: Key findings
A7: • Air travel dominates the emissions profile even though it isn't the largest activity by trip count : combining mode, distance and emissions avoids a misleading total-only view.
A8: • Travel volume tracks the academic calendar closely: July/August traveller counts fall well below the annual average.
A9: • Hotel nights run almost exactly 1:1 with traveller counts, which is a useful internal consistency check on the underlying booking data.
A10: • Next step: reconcile booking, expense and reimbursement sources and define scope (staff/students/visitors) before reporting externally.

Sheet 01_Raw Data
A1: Month | B1: Flights (passenger-km) | C1: Rail (km) | D1: Car (km) | E1: Hotel nights | F1: Taxi (km) | G1: Travellers
A2: Jan | B2: 185000 | C2: 42000 | D2: 28000 | E2: 185 | F2: 6500 | G2: 190
A3: Feb | B3: 172000 | C3: 39000 | D3: 26000 | E3: 172 | F3: 6100 | G3: 176
A4: Mar | B4: 210000 | C4: 51000 | D4: 31000 | E4: 210 | F4: 7200 | G4: 214
A5: Apr | B5: 198000 | C5: 47000 | D5: 29000 | E5: 198 | F5: 6800 | G5: 202
A6: May | B6: 245000 | C6: 56000 | D6: 33000 | E6: 245 | F6: 8100 | G6: 250
A7: Jun | B7: 260000 | C7: 61000 | D7: 35000 | E7: 260 | F7: 8500 | G7: 266
A8: Jul | B8: 95000 | C8: 18000 | D8: 14000 | E8: 95 | F8: 3100 | G8: 98
A9: Aug | B9: 72000 | C9: 15000 | D9: 11000 | E9: 72 | F9: 2500 | G9: 76
A10: Sep | B10: 230000 | C10: 52000 | D10: 32000 | E10: 230 | F10: 7900 | G10: 235
A11: Oct | B11: 215000 | C11: 48000 | D11: 30000 | E11: 215 | F11: 7300 | G11: 220
A12: Nov | B12: 190000 | C12: 44000 | D12: 27000 | E12: 190 | F12: 6400 | G12: 195
A13: Dec | B13: 225000 | C13: 53000 | D13: 34000 | E13: 225 | F13: 7600 | G13: 230
A15: Source: illustrative synthetic data (booking/expense exports).

Sheet 02_Clean Data
A1: Month | B1: Flights (passenger-km) | C1: Rail (km) | D1: Car (km) | E1: Hotel nights | F1: Taxi (km) | G1: Travellers | H1: Data-quality flag
A2: ='01_Raw Data'!A2 -> Jan | B2: ='01_Raw Data'!B2 -> 185000 | C2: ='01_Raw Data'!C2 -> 42000 | D2: ='01_Raw Data'!D2 -> 28000 | E2: ='01_Raw Data'!E2 -> 185 | F2: ='01_Raw Data'!F2 -> 6500 | G2: ='01_Raw Data'!G2 -> 190 | H2: =IF(ABS(E2-G2)>20,"Hotel nights vs travellers gap >20 — check trip-length assumption","OK") -> OK
A3: ='01_Raw Data'!A3 -> Feb | B3: ='01_Raw Data'!B3 -> 172000 | C3: ='01_Raw Data'!C3 -> 39000 | D3: ='01_Raw Data'!D3 -> 26000 | E3: ='01_Raw Data'!E3 -> 172 | F3: ='01_Raw Data'!F3 -> 6100 | G3: ='01_Raw Data'!G3 -> 176 | H3: =IF(ABS(E3-G3)>20,"Hotel nights vs travellers gap >20 — check trip-length assumption","OK") -> OK
A4: ='01_Raw Data'!A4 -> Mar | B4: ='01_Raw Data'!B4 -> 210000 | C4: ='01_Raw Data'!C4 -> 51000 | D4: ='01_Raw Data'!D4 -> 31000 | E4: ='01_Raw Data'!E4 -> 210 | F4: ='01_Raw Data'!F4 -> 7200 | G4: ='01_Raw Data'!G4 -> 214 | H4: =IF(ABS(E4-G4)>20,"Hotel nights vs travellers gap >20 — check trip-length assumption","OK") -> OK
A5: ='01_Raw Data'!A5 -> Apr | B5: ='01_Raw Data'!B5 -> 198000 | C5: ='01_Raw Data'!C5 -> 47000 | D5: ='01_Raw Data'!D5 -> 29000 | E5: ='01_Raw Data'!E5 -> 198 | F5: ='01_Raw Data'!F5 -> 6800 | G5: ='01_Raw Data'!G5 -> 202 | H5: =IF(ABS(E5-G5)>20,"Hotel nights vs travellers gap >20 — check trip-length assumption","OK") -> OK
A6: ='01_Raw Data'!A6 -> May | B6: ='01_Raw Data'!B6 -> 245000 | C6: ='01_Raw Data'!C6 -> 56000 | D6: ='01_Raw Data'!D6 -> 33000 | E6: ='01_Raw Data'!E6 -> 245 | F6: ='01_Raw Data'!F6 -> 8100 | G6: ='01_Raw Data'!G6 -> 250 | H6: =IF(ABS(E6-G6)>20,"Hotel nights vs travellers gap >20 — check trip-length assumption","OK") -> OK
A7: ='01_Raw Data'!A7 -> Jun | B7: ='01_Raw Data'!B7 -> 260000 | C7: ='01_Raw Data'!C7 -> 61000 | D7: ='01_Raw Data'!D7 -> 35000 | E7: ='01_Raw Data'!E7 -> 260 | F7: ='01_Raw Data'!F7 -> 8500 | G7: ='01_Raw Data'!G7 -> 266 | H7: =IF(ABS(E7-G7)>20,"Hotel nights vs travellers gap >20 — check trip-length assumption","OK") -> OK
A8: ='01_Raw Data'!A8 -> Jul | B8: ='01_Raw Data'!B8 -> 95000 | C8: ='01_Raw Data'!C8 -> 18000 | D8: ='01_Raw Data'!D8 -> 14000 | E8: ='01_Raw Data'!E8 -> 95 | F8: ='01_Raw Data'!F8 -> 3100 | G8: ='01_Raw Data'!G8 -> 98 | H8: =IF(ABS(E8-G8)>20,"Hotel nights vs travellers gap >20 — check trip-length assumption","OK") -> OK
A9: ='01_Raw Data'!A9 -> Aug | B9: ='01_Raw Data'!B9 -> 72000 | C9: ='01_Raw Data'!C9 -> 15000 | D9: ='01_Raw Data'!D9 -> 11000 | E9: ='01_Raw Data'!E9 -> 72 | F9: ='01_Raw Data'!F9 -> 2500 | G9: ='01_Raw Data'!G9 -> 76 | H9: =IF(ABS(E9-G9)>20,"Hotel nights vs travellers gap >20 — check trip-length assumption","OK") -> OK
A10: ='01_Raw Data'!A10 -> Sep | B10: ='01_Raw Data'!B10 -> 230000 | C10: ='01_Raw Data'!C10 -> 52000 | D10: ='01_Raw Data'!D10 -> 32000 | E10: ='01_Raw Data'!E10 -> 230 | F10: ='01_Raw Data'!F10 -> 7900 | G10: ='01_Raw Data'!G10 -> 235 | H10: =IF(ABS(E10-G10)>20,"Hotel nights vs travellers gap >20 — check trip-length assumption","OK") -> OK
A11: ='01_Raw Data'!A11 -> Oct | B11: ='01_Raw Data'!B11 -> 215000 | C11: ='01_Raw Data'!C11 -> 48000 | D11: ='01_Raw Data'!D11 -> 30000 | E11: ='01_Raw Data'!E11 -> 215 | F11: ='01_Raw Data'!F11 -> 7300 | G11: ='01_Raw Data'!G11 -> 220 | H11: =IF(ABS(E11-G11)>20,"Hotel nights vs travellers gap >20 — check trip-length assumption","OK") -> OK
A12: ='01_Raw Data'!A12 -> Nov | B12: ='01_Raw Data'!B12 -> 190000 | C12: ='01_Raw Data'!C12 -> 44000 | D12: ='01_Raw Data'!D12 -> 27000 | E12: ='01_Raw Data'!E12 -> 190 | F12: ='01_Raw Data'!F12 -> 6400 | G12: ='01_Raw Data'!G12 -> 195 | H12: =IF(ABS(E12-G12)>20,"Hotel nights vs travellers gap >20 — check trip-length assumption","OK") -> OK
A13: ='01_Raw Data'!A13 -> Dec | B13: ='01_Raw Data'!B13 -> 225000 | C13: ='01_Raw Data'!C13 -> 53000 | D13: ='01_Raw Data'!D13 -> 34000 | E13: ='01_Raw Data'!E13 -> 225 | F13: ='01_Raw Data'!F13 -> 7600 | G13: ='01_Raw Data'!G13 -> 230 | H13: =IF(ABS(E13-G13)>20,"Hotel nights vs travellers gap >20 — check trip-length assumption","OK") -> OK
A15: Clean Data is linked live to Raw Data. Flag column checks hotel-nights-to-traveller ratio for consistency.

Sheet 03_Emission Factors
A1: Activity | B1: Unit | C1: Illustrative factor | D1: Notes
A2: Air travel | B2: kgCO2e/passenger-km | C2: 0.18 | D2: Illustrative screening factor; no radiative-forcing uplift applied
A3: Rail | B3: kgCO2e/passenger-km | C3: 0.04 | D3: Illustrative screening factor
A4: Car | B4: kgCO2e/km | C4: 0.18 | D4: Illustrative screening factor
A5: Taxi | B5: kgCO2e/km | C5: 0.21 | D5: Illustrative screening factor
A6: Hotel | B6: kgCO2e/night | C6: 18 | D6: Illustrative screening factor
A7: Important | D7: Replace illustrative factors with the agreed methodology/source factors for real client work.

Sheet 04_Calculations
A1: Month | B1: Tracked travel distance (km) | C1: Hotel nights | D1: Travellers | E1: Travel emissions (tCO2e) | F1: kgCO2e/traveller | G1: Air share of emissions (%)
A2: ='02_Clean Data'!A2 -> Jan | B2: ='02_Clean Data'!B2+'02_Clean Data'!C2+'02_Clean Data'!D2 -> 255000 | C2: ='02_Clean Data'!E2 -> 185 | D2: ='02_Clean Data'!G2 -> 190 | E2: ='02_Clean Data'!B2*'03_Emission Factors'!$C$2/1000+'02_Clean Data'!C2*'03_Emission Factors'!$C$3/1000+'02_Clean Data'!D2*'03_Emission Factors'!$C$4/1000+'02_Clean Data'!F2*'03_Emission Factors'!$C$5/1000+'02_Clean Data'!E2*'03_Emission Factors'!$C$6/1000 -> 44.715 | F2: =E2*1000/D2 -> 235.34211 | G2: =('02_Clean Data'!B2*'03_Emission Factors'!$C$2/1000)/E2 -> 0.74471654
A3: ='02_Clean Data'!A3 -> Feb | B3: ='02_Clean Data'!B3+'02_Clean Data'!C3+'02_Clean Data'!D3 -> 237000 | C3: ='02_Clean Data'!E3 -> 172 | D3: ='02_Clean Data'!G3 -> 176 | E3: ='02_Clean Data'!B3*'03_Emission Factors'!$C$2/1000+'02_Clean Data'!C3*'03_Emission Factors'!$C$3/1000+'02_Clean Data'!D3*'03_Emission Factors'!$C$4/1000+'02_Clean Data'!F3*'03_Emission Factors'!$C$5/1000+'02_Clean Data'!E3*'03_Emission Factors'!$C$6/1000 -> 41.577 | F3: =E3*1000/D3 -> 236.23295 | G3: =('02_Clean Data'!B3*'03_Emission Factors'!$C$2/1000)/E3 -> 0.74464247
A4: ='02_Clean Data'!A4 -> Mar | B4: ='02_Clean Data'!B4+'02_Clean Data'!C4+'02_Clean Data'!D4 -> 292000 | C4: ='02_Clean Data'!E4 -> 210 | D4: ='02_Clean Data'!G4 -> 214 | E4: ='02_Clean Data'!B4*'03_Emission Factors'!$C$2/1000+'02_Clean Data'!C4*'03_Emission Factors'!$C$3/1000+'02_Clean Data'!D4*'03_Emission Factors'!$C$4/1000+'02_Clean Data'!F4*'03_Emission Factors'!$C$5/1000+'02_Clean Data'!E4*'03_Emission Factors'!$C$6/1000 -> 50.712 | F4: =E4*1000/D4 -> 236.97196 | G4: =('02_Clean Data'!B4*'03_Emission Factors'!$C$2/1000)/E4 -> 0.74538571
A5: ='02_Clean Data'!A5 -> Apr | B5: ='02_Clean Data'!B5+'02_Clean Data'!C5+'02_Clean Data'!D5 -> 274000 | C5: ='02_Clean Data'!E5 -> 198 | D5: ='02_Clean Data'!G5 -> 202 | E5: ='02_Clean Data'!B5*'03_Emission Factors'!$C$2/1000+'02_Clean Data'!C5*'03_Emission Factors'!$C$3/1000+'02_Clean Data'!D5*'03_Emission Factors'!$C$4/1000+'02_Clean Data'!F5*'03_Emission Factors'!$C$5/1000+'02_Clean Data'!E5*'03_Emission Factors'!$C$6/1000 -> 47.732 | F5: =E5*1000/D5 -> 236.29703 | G5: =('02_Clean Data'!B5*'03_Emission Factors'!$C$2/1000)/E5 -> 0.7466689
A6: ='02_Clean Data'!A6 -> May | B6: ='02_Clean Data'!B6+'02_Clean Data'!C6+'02_Clean Data'!D6 -> 334000 | C6: ='02_Clean Data'!E6 -> 245 | D6: ='02_Clean Data'!G6 -> 250 | E6: ='02_Clean Data'!B6*'03_Emission Factors'!$C$2/1000+'02_Clean Data'!C6*'03_Emission Factors'!$C$3/1000+'02_Clean Data'!D6*'03_Emission Factors'!$C$4/1000+'02_Clean Data'!F6*'03_Emission Factors'!$C$5/1000+'02_Clean Data'!E6*'03_Emission Factors'!$C$6/1000 -> 58.391 | F6: =E6*1000/D6 -> 233.564 | G6: =('02_Clean Data'!B6*'03_Emission Factors'!$C$2/1000)/E6 -> 0.75525338
A7: ='02_Clean Data'!A7 -> Jun | B7: ='02_Clean Data'!B7+'02_Clean Data'!C7+'02_Clean Data'!D7 -> 356000 | C7: ='02_Clean Data'!E7 -> 260 | D7: ='02_Clean Data'!G7 -> 266 | E7: ='02_Clean Data'!B7*'03_Emission Factors'!$C$2/1000+'02_Clean Data'!C7*'03_Emission Factors'!$C$3/1000+'02_Clean Data'!D7*'03_Emission Factors'!$C$4/1000+'02_Clean Data'!F7*'03_Emission Factors'!$C$5/1000+'02_Clean Data'!E7*'03_Emission Factors'!$C$6/1000 -> 62.005 | F7: =E7*1000/D7 -> 233.1015 | G7: =('02_Clean Data'!B7*'03_Emission Factors'!$C$2/1000)/E7 -> 0.75477784
A8: ='02_Clean Data'!A8 -> Jul | B8: ='02_Clean Data'!B8+'02_Clean Data'!C8+'02_Clean Data'!D8 -> 127000 | C8: ='02_Clean Data'!E8 -> 95 | D8: ='02_Clean Data'!G8 -> 98 | E8: ='02_Clean Data'!B8*'03_Emission Factors'!$C$2/1000+'02_Clean Data'!C8*'03_Emission Factors'!$C$3/1000+'02_Clean Data'!D8*'03_Emission Factors'!$C$4/1000+'02_Clean Data'!F8*'03_Emission Factors'!$C$5/1000+'02_Clean Data'!E8*'03_Emission Factors'!$C$6/1000 -> 22.701 | F8: =E8*1000/D8 -> 231.64286 | G8: =('02_Clean Data'!B8*'03_Emission Factors'!$C$2/1000)/E8 -> 0.75327078
A9: ='02_Clean Data'!A9 -> Aug | B9: ='02_Clean Data'!B9+'02_Clean Data'!C9+'02_Clean Data'!D9 -> 98000 | C9: ='02_Clean Data'!E9 -> 72 | D9: ='02_Clean Data'!G9 -> 76 | E9: ='02_Clean Data'!B9*'03_Emission Factors'!$C$2/1000+'02_Clean Data'!C9*'03_Emission Factors'!$C$3/1000+'02_Clean Data'!D9*'03_Emission Factors'!$C$4/1000+'02_Clean Data'!F9*'03_Emission Factors'!$C$5/1000+'02_Clean Data'!E9*'03_Emission Factors'!$C$6/1000 -> 17.361 | F9: =E9*1000/D9 -> 228.43421 | G9: =('02_Clean Data'!B9*'03_Emission Factors'!$C$2/1000)/E9 -> 0.74650078
A10: ='02_Clean Data'!A10 -> Sep | B10: ='02_Clean Data'!B10+'02_Clean Data'!C10+'02_Clean Data'!D10 -> 314000 | C10: ='02_Clean Data'!E10 -> 230 | D10: ='02_Clean Data'!G10 -> 235 | E10: ='02_Clean Data'!B10*'03_Emission Factors'!$C$2/1000+'02_Clean Data'!C10*'03_Emission Factors'!$C$3/1000+'02_Clean Data'!D10*'03_Emission Factors'!$C$4/1000+'02_Clean Data'!F10*'03_Emission Factors'!$C$5/1000+'02_Clean Data'!E10*'03_Emission Factors'!$C$6/1000 -> 55.039 | F10: =E10*1000/D10 -> 234.20851 | G10: =('02_Clean Data'!B10*'03_Emission Factors'!$C$2/1000)/E10 -> 0.7521939
A11: ='02_Clean Data'!A11 -> Oct | B11: ='02_Clean Data'!B11+'02_Clean Data'!C11+'02_Clean Data'!D11 -> 293000 | C11: ='02_Clean Data'!E11 -> 215 | D11: ='02_Clean Data'!G11 -> 220 | E11: ='02_Clean Data'!B11*'03_Emission Factors'!$C$2/1000+'02_Clean Data'!C11*'03_Emission Factors'!$C$3/1000+'02_Clean Data'!D11*'03_Emission Factors'!$C$4/1000+'02_Clean Data'!F11*'03_Emission Factors'!$C$5/1000+'02_Clean Data'!E11*'03_Emission Factors'!$C$6/1000 -> 51.423 | F11: =E11*1000/D11 -> 233.74091 | G11: =('02_Clean Data'!B11*'03_Emission Factors'!$C$2/1000)/E11 -> 0.75258153
A12: ='02_Clean Data'!A12 -> Nov | B12: ='02_Clean Data'!B12+'02_Clean Data'!C12+'02_Clean Data'!D12 -> 261000 | C12: ='02_Clean Data'!E12 -> 190 | D12: ='02_Clean Data'!G12 -> 195 | E12: ='02_Clean Data'!B12*'03_Emission Factors'!$C$2/1000+'02_Clean Data'!C12*'03_Emission Factors'!$C$3/1000+'02_Clean Data'!D12*'03_Emission Factors'!$C$4/1000+'02_Clean Data'!F12*'03_Emission Factors'!$C$5/1000+'02_Clean Data'!E12*'03_Emission Factors'!$C$6/1000 -> 45.584 | F12: =E12*1000/D12 -> 233.7641 | G12: =('02_Clean Data'!B12*'03_Emission Factors'!$C$2/1000)/E12 -> 0.75026325
A13: ='02_Clean Data'!A13 -> Dec | B13: ='02_Clean Data'!B13+'02_Clean Data'!C13+'02_Clean Data'!D13 -> 312000 | C13: ='02_Clean Data'!E13 -> 225 | D13: ='02_Clean Data'!G13 -> 230 | E13: ='02_Clean Data'!B13*'03_Emission Factors'!$C$2/1000+'02_Clean Data'!C13*'03_Emission Factors'!$C$3/1000+'02_Clean Data'!D13*'03_Emission Factors'!$C$4/1000+'02_Clean Data'!F13*'03_Emission Factors'!$C$5/1000+'02_Clean Data'!E13*'03_Emission Factors'!$C$6/1000 -> 54.386 | F13: =E13*1000/D13 -> 236.46087 | G13: =('02_Clean Data'!B13*'03_Emission Factors'!$C$2/1000)/E13 -> 0.74467694

Sheet 05_KPIs
A1: KPI | B1: Value | C1: Unit | D1: Interpretation
A2: Annual flight distance | B2: =SUM('02_Clean Data'!B2:B13) -> 2297000 | C2: passenger-km | D2: Air is the dominant distance category in this illustrative dataset.
A3: Annual rail distance | B3: =SUM('02_Clean Data'!C2:C13) -> 526000 | C3: km | D3: Track alongside air mode share.
A4: Annual hotel nights | B4: =SUM('02_Clean Data'!E2:E13) -> 2297 | C4: nights | D4: Link to trip purpose/destination where appropriate.
A5: Annual travel emissions | B5: =SUM('04_Calculations'!E2:E13) -> 551.626 | C5: tCO2e | D5: Illustrative travel-emissions screening.
A6: Air share of annual emissions | B6: =SUMPRODUCT('02_Clean Data'!B2:B13*'03_Emission Factors'!$C$2/1000)/B5 -> 0.74952957 | C6: % | D6: Share of total travel emissions from flights alone.
A7: Emissions per traveller | B7: =B5*1000/SUM('02_Clean Data'!G2:G13) -> 234.53486 | C7: kgCO2e/traveller | D7: Useful trend KPI; depends on travel mix.
A8: Peak travel month | B8: =INDEX('02_Clean Data'!A2:A13,MATCH(MAX('02_Clean Data'!G2:G13),'02_Clean Data'!G2:G13,0)) -> Jun | C8: month | D8: Highest-traveller month — likely conference/field-trip season.
A9: Summer dip (Jul/Aug vs annual avg travellers) | B9: =AVERAGE('02_Clean Data'!G8:G9)/AVERAGE('02_Clean Data'!G2:G13)-1 -> -0.55612245 | C9: % | D9: How much lower travel is in the summer months vs the year's average.
A10: Hotel nights per traveller | B10: =B4/SUM('02_Clean Data'!G2:G13) -> 0.97661565 | C10: nights/traveller | D10: Should be close to 1.0 if data represents single-night-equivalent trips; deviation flags a reconciliation issue.

Sheet 06_Dashboard
A1: University Travel Data Analysis
A4: ANNUAL TRAVEL EMISSIONS (tCO2e) | C4: AIR SHARE OF EMISSIONS | E4: EMISSIONS / TRAVELLER (kgCO2e) | G4: HOTEL NIGHTS / TRAVELLER
A5: ='05_KPIs'!B5 -> 551.626 | C5: ='05_KPIs'!B6 -> 0.74952957 | E5: ='05_KPIs'!B7 -> 234.53486 | G5: ='05_KPIs'!B10 -> 0.97661565
J9: Mode | K9: Annual tCO2e
J10: Air | K10: =SUM('02_Clean Data'!B2:B13)*'03_Emission Factors'!$C$2/1000 -> 413.46
J11: Rail | K11: =SUM('02_Clean Data'!C2:C13)*'03_Emission Factors'!$C$3/1000 -> 21.04
J12: Car | K12: =SUM('02_Clean Data'!D2:D13)*'03_Emission Factors'!$C$4/1000 -> 59.4
J13: Taxi | K13: =SUM('02_Clean Data'!F2:F13)*'03_Emission Factors'!$C$5/1000 -> 16.38
J14: Hotel | K14: =SUM('02_Clean Data'!E2:E13)*'03_Emission Factors'!$C$6/1000 -> 41.346
J26: Data-quality flags
J27: =COUNTIF('02_Clean Data'!H2:H13,"<>OK")&" of 12 months flagged (see 02_Clean Data column H)" -> 0 of 12 months flagged (see 02_Clean Data column H)
J29: Key insights
J30: ="Air travel drives "&TEXT('05_KPIs'!B6,"0.0%")&" of annual travel emissions despite being one of several modes tracked." -> Air travel drives 75.0% of annual travel emissions despite being one of several modes tracked.
J31: Peak travel month is Jun; Jul/Aug traveller volume is 55.6% below the annual average. a clear academic-calendar effect.
J32: ="Hotel nights run "&TEXT('05_KPIs'!B10,"0.00")&" per traveller. close to 1:1, consistent with single-night-equivalent trips; a build-up would flag a reconciliation issue." -> Hotel nights run 0.98 per traveller. close to 1:1, consistent with single-night-equivalent trips; a build-up would flag a reconciliation issue.
A34: Areas to investigate
A35: • Reconcile booking and expense data sources to confirm traveller counts and trip lengths.
A36: • Track mode share alongside emissions: air dominates carbon despite not dominating trip count.
A37: • Segment travel by purpose or organisational unit where appropriate to target reduction policy.

Sheet 07_Client Inputs
A1: Input needed | B1: Example / format | C1: Why it matters | D1: Status
A2: Source files | B2: Excel/CSV/PDF bills/exports | C2: Traceability and reconciliation | D2: To be supplied
A3: Reporting period | B3: e.g. Jan–Dec 2026 | C3: Defines analysis boundary | D3: To be supplied
A4: Activity data | B4: Production, area, occupancy, travel etc. | C4: Enables intensity KPIs | D4: To be supplied
A5: Methodology / factors | B5: Client or agreed methodology | C5: Makes calculations reproducible | D5: To be agreed
A6: Known exclusions | B6: Missing sites, months or activities | C6: Prevents misleading completeness claims | D6: To be supplied
